ROUGE Forget,Prob. Forget,Truth Ratio Forget,ROUGE Retain,Prob. Retain,Truth Ratio Retain,ROUGE Real,Prob. Real,Truth Ratio Real,Model Utility,Forget Quality,Method,Submitted By
0.06827506480529244,0.07552952097886,0.3587189864725085,0.5105804604805619,0.8614232759864681,0.9723105544854187,0.17449138066660402,0.3451430805888519,0.5574187801581633,0.4118000707305581,1.39465978892921e-63,temp,yingzi
